<?xml version="1.0" encoding="UTF-8"?>
<project-private xmlns="http://www.netbeans.org/ns/project-private/1">
    <editor-bookmarks xmlns="http://www.netbeans.org/ns/editor-bookmarks/2" lastBookmarkId="0"/>
    <open-files xmlns="http://www.netbeans.org/ns/projectui-open-files/2">
        <group>
            <file>file:/C:/Users/Mohammed/OneDrive/المستندات/NetBeansProjects/FinalProject/src/Controller/AppointmentsMangmentController.java</file>
            <file>file:/C:/Users/Mohammed/OneDrive/المستندات/NetBeansProjects/FinalProject/src/Controller/CreateappointmentController.java</file>
            <file>file:/C:/Users/Mohammed/OneDrive/المستندات/NetBeansProjects/FinalProject/src/Controller/UpdateappointmentController.java</file>
            <file>file:/C:/Users/Mohammed/OneDrive/المستندات/NetBeansProjects/FinalProject/src/Controller/PatientDashboardController.java</file>
            <file>file:/C:/Users/Mohammed/OneDrive/المستندات/NetBeansProjects/FinalProject/src/Controller/AdminLoginController.java</file>
        </group>
    </open-files>
</project-private>
